Channel1,Channel2,Channel3,Channel4
368207,792538,556105,1334226
109739,667694,601979,1322030
307069,805688,745041,1185594
341737,1062596,572937,1226446
601279,1276848,688383,986182
641627,1195376,625939,827484
544263,1374244,672381,581898
364451,1603982,569197,754688
293227,1814570,536119,494918
121347,1731530,624235,322390
-111359,1895056,638115,117720
-163641,2127674,601747,228948
-245481,2375474,551179,83802
-400459,2253072,647431,-153286
-441719,2413730,707531,-60808
-682521,2658182,625555,-280006
-870503,2885264,460945,-443354
-924573,2779922,652733,-182794
-842175,2945790,783551,-399396
-674845,3185996,627077,-256322
-784889,3410320,490945,-492778
-917321,3311340,653993,-667194
-1029749,3472992,694205,-659480
-1191079,3725546,646999,-769202
-1319367,3972778,523709,-987440
-1436869,3844972,668169,-1199448
-1532063,3980590,670069,-1029930
-1710479,3735034,650015,-799836
-1457129,3994984,836993,-861910
-1432961,3847682,681865,-708470
-1470675,3993296,646731,-805522
-1713445,3739106,681769,-754186
-1685039,3994854,915297,-854494
-1937111,3835144,1165351,-1082560
-2118035,4011108,1411697,-1037254
-2235269,3754700,1204241,-1262624
-2215377,4000062,1465953,-1153380
-2471303,3845974,1722991,-1219374
-2248917,4031704,1920193,-1157908
-2232991,4278894,1762499,-1222386
-2181891,4018042,1736327,-1193230
-1958245,3850044,1691483,-1153484
-1819811,4006680,1826169,-951914
-1717041,3744722,1740935,-1199672
-1619911,3513888,1762809,-977966
-1432235,3330576,1714539,-1084150
-1484283,3475516,1769481,-1067690
-1715143,3223488,1768637,-1188992
-1874703,2976126,1625285,-1319500
-1955575,2812718,1710405,-1204598
-2019781,2963420,1794757,-1113692
-2224461,2713094,1792917,-1183392
-2184439,2491940,1743021,-936778
-1936705,2297442,1730825,-1151630
-2083847,2421194,1750867,-1382162
-2233123,2183726,1776949,-1166462
-2154723,1948828,1774815,-1132000
-1938323,1778500,1706071,-1203334
-1948649,1894992,1842859,-1303906
-1691903,1654530,1815659,-1179626
-1671473,1397160,1779055,-1144042
-1413217,1257100,1735805,-1123476
-1471715,1380660,1795145,-1182684
-1692161,1139458,1787603,-1146660
-1621309,906906,1744869,-945444
-1407423,737384,1732923,-1127176
-1439337,840300,1794271,-1189138
-1696157,629798,1802197,-1192630
-1763311,404796,1687899,-956010
-1934503,214440,1740897,-1126662
-2026797,318828,1789193,-1221762
-2205077,111722,1827987,-1150690
-2342751,-105126,1632459,-1367464
-2443839,-297280,1763053,-1113152
-2691117,-219134,1793333,-982690
-2729613,-409102,1806123,-1171550
-2598787,-668456,1840315,-1132464
-2431279,-824296,1787251,-1110422
-2370581,-708180,1839057,-1354166
-2198241,-938568,1811465,-1195730
-2336557,-1182276,1668967,-1346880
-2438671,-1341670,1787591,-1093640
-2353971,-1278456,1874709,-946238
-2203691,-1462204,1818605,-1152200
-2076711,-1696262,1809161,-1073456
-1900219,-1868032,1796509,-1090894
-2080829,-1786020,1749759,-1120450
-2195149,-1974542,1829889,-1148512
-2069629,-1712990,1819945,-1149064
-1889335,-1856524,1818853,-1062552
-2098111,-1795812,1782143,-906130
-2189829,-1960540,1851121,-1153310
-2407205,-2213706,1650041,-1295714
-2415709,-2377990,1805785,-1048178
-2518451,-2351270,1815583,-1054366
-2703609,-2477768,1848403,-1132654
-2727567,-2715496,1739037,-877452
-2931305,-2895152,1836249,-1073924
-3022147,-2878436,1791385,-1280716
-3212335,-2999582,1809745,-1114096
-2983073,-2737640,1934541,-1243306
-2923209,-2898030,1812401,-1071438
-2722707,-2887626,1727419,-1333436
-2686775,-2985970,1854709,-1109380
-2738279,-2743784,1697021,-1329840
-2926757,-2891224,1815153,-1097490
-2750179,-2897794,1837077,-1350592
-2684351,-2990934,1853353,-1104750
-2940031,-2747538,1620301,-997530
-2935613,-2888906,1821861,-1053984
-3173793,-2907774,1738207,-869910
-3190001,-2964572,1884937,-1121420
-3068569,-2742586,1856527,-982428
-2907775,-2892438,1828673,-1131022
-2992397,-2891516,1833399,-1264132
-3195529,-2966808,1892101,-1124980
-3061213,-2728328,1843575,-1044302
-2924287,-2895650,1816273,-1153954
-3014567,-2890076,1817849,-1283954
-3187607,-2963660,1882227,-1110504
-3280803,-2756986,1757405,-1279820
-3451889,-2893000,1809329,-1106916
-3693527,-2909196,1771209,-1159442
-3710763,-2953392,1882177,-1129366
-3453623,-2754990,1946953,-1116600
-3443209,-2889622,1805377,-1144530
-3459853,-2933022,1831007,-1147322
-3699759,-2946866,1883791,-1094136
-3902747,-2742702,1665021,-1162060
-3971707,-2888364,1810995,-1123080
-4120361,-2899836,1816509,-1190034
-4226877,-2938300,1912715,-1070300
-4042739,-2731078,1847361,-828614
-3965869,-2902756,1784291,-818286
-3822601,-2820636,1916231,-853098
-3694439,-2943416,1900317,-1069284
-3743381,-2739104,2087459,-1055072
-3964601,-2897844,2322431,-1144550
-3972647,-2895344,2426679,-1158084
-3713763,-2934420,2443583,-1044950
-3862463,-2711558,2484367,-1086396
-3971231,-2894132,2308211,-1078150
-3999637,-2903854,2405863,-1247182
-4242251,-2936944,2442529,-1069692
-4072281,-2731068,2404657,-1162762
-3985549,-2897808,2315263,-1051092
-4128669,-2915000,2287203,-792726
-4237569,-2938832,2401883,-1052620
-4144309,-2716914,2411491,-1106434
-3984453,-2893996,2331347,-1073802
-4063439,-2895226,2359463,-1318848
-4232711,-2935752,2400117,-1069124
-4456043,-2733266,2202943,-1247324
-4514133,-2884020,2284057,-1008486
-4617471,-2931856,2306293,-808216
-4753243,-2936810,2410809,-570144
-4568191,-2693614,2468879,-577794
-4509699,-2881976,2341915,-516094
-4371167,-2904900,2292223,-757440
-4228125,-2931576,2412259,-521878
-4080783,-2686262,2474393,-679718
-3979219,-2884132,2320699,-526632
-4145715,-2932730,2290809,-560748
-4231969,-2933272,2421821,-563732
-4226205,-2701094,2309009,-565038
-3982617,-2881798,2338255,-479796
-4215249,-2930820,2231145,-551378
-4232185,-2943614,2401497,-548084
-4245763,-2706866,2301977,-470224
-4502935,-2881444,2337989,-514974
-4715529,-2915050,2262707,-700480
-4759391,-2949546,2415197,-545984
-4908713,-3210376,2224569,-673762
-5026513,-3401324,2347769,-511124
-5124537,-3430930,2273035,-272948
-5286729,-3466470,2413705,-34726
-5201367,-3207298,2352367,-92654
-5020717,-3400800,2337011,18282
-4801859,-3441886,2260435,-58558
-4752905,-3454962,2439433,-9226
-4709315,-3210980,2304131,112520
-4493861,-3394772,2359411,56130
-4398747,-3449590,2236763,238392
-4233981,-3460966,2414171,2558
-4383615,-3203420,2246419,-73022
-4486411,-3395902,2355349,36334
-4345599,-3473558,2229249,189170
-4217649,-3459798,2438879,-25178
-4347507,-3231328,2232737,-154224
-4486889,-3394576,2363405,51902
-4287991,-3438918,2247377,176052
-4226533,-3462198,2434895,-43960
-4127341,-3202620,2402807,148666
-3954715,-3396784,2375551,27444
-3697171,-3450716,2269731,184282
-3696507,-3457104,2449353,-20234
-3920411,-3221112,2230667,105520
-3955069,-3392116,2320609,45702
-3866473,-3460406,2292965,270426
-3686379,-3460616,2471373,474150
-3837555,-3202724,2257441,307396
6539035,6562867,3932685,473638
6747145,6496581,3866937,609254
6807183,6508913,4040157,479444
6741881,6748375,3893653,731714
6546053,6568477,3910697,504214
6656893,6470561,3809119,303662
6800855,6503155,4034175,468136
6682707,6713791,3816207,264324
6549971,6565393,3895211,487750
6678555,6482247,3814879,581712
6803049,6521457,4014479,472230
6826431,6739925,3888769,214186
7080827,6570551,3912787,459730
7083137,6467481,3849437,385354
7336621,6518337,4029061,478742
7297803,6759475,3846933,287142
7087097,6568773,3931691,408768
7344759,6467177,3880147,254444
7335107,6517311,4054873,470072
7178379,6752949,4302833,365612
7076441,6572529,4430203,482974
7079047,6478151,4349525,228468
6830997,6529611,4586463,479450
6785921,6718533,4384253,730622
6564839,6569519,4433673,968484
6352185,6483829,4465441,792788
6288257,6526975,4587995,973140
6228283,6743303,4332827,1202744
6043865,6574083,4452325,1449090
5851815,6461239,4433859,1222728
5774943,6518145,4572675,995180
5807075,6720203,4697565,760912
6047461,6560275,4931007,659340
6082329,6473189,5064295,776196
6284999,6527353,5099951,526010
6193359,6753525,5207135,694886
6042837,6575607,4996817,474702
5853155,6457317,4938003,384010
5758589,6530715,5109507,524766
5991921,6278703,5054519,457142
6030637,6051039,4966405,424490
5898943,5935789,4971797,305318
5744351,6010229,5092527,521810
5804949,6202191,5002721,326614
6031951,6053097,4986083,444590
5773215,5919409,4922439,664714
5755701,6013845,5083909,521094
5807507,6238225,5047017,509096
6036603,6055469,4975055,529594
6123303,5938839,4849923,634292
6283337,6017171,5079943,549840
6246979,6228635,4974083,659860
6031411,6057939,4984259,490666
6264245,5908857,4837701,295148
6291415,6021755,5092369,512020
6445003,6235171,5115885,423246
6561189,6065761,4995811,506114
6324023,5920645,4894647,536022
6303697,6030277,5066247,551720
6152303,6207701,4880725,323288
6029061,6065831,4979129,528658
6231361,5913933,4816089,473274
6306523,6037511,4573799,530248
6074821,6235213,4812951,429758
6034501,6059181,4990271,559484
5988261,5925777,4840345,320534
5784467,6035465,5093753,518094
5582335,6236641,4852941,284570
5509965,6067097,5002201,536562
5493685,5922589,4895631,316488
5255321,6029119,5132735,517258
5164407,6235583,4928215,769362
4994287,6068665,4987405,518458
5161375,5892599,4854423,431246
5263497,6036937,5112303,480362
5120339,6221265,4912595,570908
4994021,6078407,4986529,520646
5195499,5944665,4746027,275776
5240425,6007997,4572139,481358
5351191,6206659,4566857,719356
5530429,6075997,4457811,507068
5609465,5927141,4251951,464558
5778687,6010809,4061447,482784
5659255,6190817,3889175,261154
5529029,6081939,3953107,18920
5665669,5905569,3762977,89554
5772381,6013659,3546657,-11418
5557743,6191287,3349227,-134514
5531191,6075995,3433185,52784
5680195,5919473,3217335,81874
5778789,6023183,3016175,-12966
5615033,6188403,2821995,-219058
5529287,6077865,2895751,-463024
5721831,5904825,2762823,-572706
5780273,6021305,2513093,-593946
5782031,6176149,2326639,-397726
5524533,6075085,2364335,-542380
5634905,5921745,2148539,-546598
5776899,6018417,1967399,-560214
5880247,6190217,1874483,-613514
6059749,6074929,1835869,-516734
6316603,5941449,1692613,-725592
6294269,6009543,1452563,-546992
6230945,6211189,1310151,-400608
6048777,6075803,1333803,-500858
6268475,5916193,1183723,-731566
6290917,6015813,1444025,-556414
6455757,6231189,1474245,-630696
6588143,6078769,1339515,-517926
6778443,5943287,1139529,-683336
6815617,6021323,938531,-558244
7005159,6207165,875017,-578798
7108901,6070965,792709,-511244
6933609,5923541,703367,-727718
6818533,6019077,918299,-529216
6868617,6218161,843671,-591526
7093527,6073067,817853,-504842
6852217,5917815,646091,-622954
6810635,6005123,393205,-562110
6648175,6210825,142491,-537414
6572595,6076497,272203,-473494
6735199,5933637,158593,-397816
6812385,6011883,392513,-526376
6694107,6224863,226931,-317478
6569491,6077467,270611,-513782
6573893,5937483,97835,-368856
6821567,6015937,-103509,-531306
6590275,6205613,130597,-332224
6572453,6070435,264845,-536112
6794609,5906471,136773,-670022
6808415,6016193,391487,-565532
7036755,6228439,361457,-556668
7103481,6070733,263459,-785390
7037563,5991641,184051,-831670
6791603,6000647,399361,-1061808
6662091,6244127,493119,-1033490
6581853,6068347,257305,-1104344
6781269,5924259,138775,-1279070
6802961,6008009,397931,-1053032
6588547,6224625,474271,-1046150
6583401,6078963,269149,-979262
6595131,5893021,149825,-911908
6798441,6010611,362143,-1074666
7012035,6190099,377195,-1089648
7105255,6073739,247481,-1039926
7216939,5892287,89485,-862488
7303337,6003825,-138959,-1070986
7088421,6210547,121511,-1188164
7100073,6078133,257811,-1032384
7102667,5913153,107809,-824720
7312105,5996361,-141373,-1079426
7158153,6201789,-364489,-1226250
7106421,6085981,-255463,-1029596
7088485,5900033,-479907,-828952
7306337,6000521,-657353,-1083988
7063255,6231577,-916937,-1045252
7106279,6077267,-779143,-1062598
7228213,5888125,-928449,-1018916
7322577,6000787,-1179445,-1095992
7143387,6246609,-953653,-1176162
7118345,6093041,-795625,-1024250
7139243,5910311,-1022119,-1166140
7313751,5998647,-1141163,-1113510
7486069,6181969,-1208635,-1174836
7635593,6084139,-1307593,-1046850
7622419,5892811,-1474665,-803404
7832777,6006221,-1702571,-1057734
7587643,6203837,-1926601,-1104266
7631947,6088897,-1822055,-1035204
7609631,5918009,-1976743,-1262940
7852759,6000589,-2230065,-1090210
7722381,6227513,-2455809,-1277150
7640447,6091807,-2314841,-1035522
7802771,5923687,-2483231,-1174776
7846795,5981133,-2232271,-1124274
8051423,6209405,-2256269,-1037238
8179011,6090349,-2325031,-1041224
7943629,5916639,-2427983,-1234580
7846573,5994739,-2232357,-1122538
7663603,6224809,-2493611,-1075934
7646779,6097405,-2324599,-1001632
7396515,5903117,-2449159,-1162946
7319317,6002405,-2218049,-1134036
7101271,6204241,-2463575,-1179082
7119957,6091609,-2330171,-1010762
7194313,5902373,-2527381,-1210632
7333013,6002341,-2762133,-1145054
7124441,6208655,-2991435,-1119388
7126359,6097861,-2842151,-965248
6947279,5903043,-3048511,-836526
6804361,6000197,-3295589,-634420
6605631,6196367,-3070261,-616236
6597691,6098685,-2818113,-507580
6707863,5882867,-3052569,-524970
6820085,6008197,-3289483,-633442
6814545,6208187,-3423837,-540108
6612729,6093927,-3322999,-489744
6818403,5878053,-3528753,-232170
6827979,6018533,-3306433,-106342
6969511,6210677,-3341387,-75556
7138289,6092133,-3347119,32760
-2117411,-3050083,-1894934,-895709
-2093507,-2898979,-1752380,-1136345
-2092077,-2718201,-1805384,-1042645
-2308513,-2820233,-1756260,-997435
-2176105,-3048795,-1983834,-1246539
-2080955,-2900921,-1773218,-1146891
-2139095,-2702375,-1861644,-1264971
-2315809,-2817335,-1774698,-1484651
-2400569,-3013353,-2031166,-1351325
-2592159,-2890487,-2284758,-1161719
-2778591,-2681847,-2436124,-1386741
-2833855,-2810981,-2297928,-1497051
-2904743,-3055785,-2509660,-1402677
-3133051,-2900633,-2313570,-1185237
-3181759,-2687787,-2334120,-1159325
-3353049,-2809583,-2247978,-990121
-3301067,-3001149,-2496254,-1176009
-3158849,-2932383,-2299100,-1229511
-3309557,-2696737,-2443778,-1346283
-3346915,-2794707,-2249952,-1446891
-3342015,-2977365,-2483396,-1407927
-3176601,-2938817,-2320258,-1228597
-3355453,-2691031,-2552454,-1369413
-3348063,-2797033,-2796724,-1485997
-3586461,-2995813,-2885934,-1237263
-3717805,-2956985,-2817822,-1268697
-3822593,-2703621,-3072948,-1218049
-3869133,-2794773,-2833150,-1466809
-3863377,-3005197,-2985204,-1424443
-3702643,-2955969,-2811114,-1226703
-3637265,-3215967,-2604390,-1210031
-3846505,-3327225,-2361108,-1376729
-3908315,-3476925,-2173030,-1240963
-3673945,-3471561,-2230468,-1278123
-3818919,-3725071,-1998632,-1351683
-3794953,-3812511,-1875296,-1427107
-3820785,-4031493,-1789710,-1472511
-3664811,-4000605,-1680854,-1291433
-3692743,-3788389,-1430346,-1128697
-3792309,-3818651,-1371884,-926135
-3588041,-4026905,-1207352,-887367
-3671681,-3997343,-1186156,-742245
-3911387,-3737147,-1060036,-762251
-3799093,-3822207,-848758,-934085
-3557465,-4013329,-644676,-831439
-3663617,-3996039,-625072,-747891
-3833875,-3762515,-479096,-691631
-3798521,-3820173,-360414,-931007
-3906775,-4019959,-190780,-799759
-3663901,-3992301,-85970,-746563
-3790713,-4253751,125754,-800577
-3794573,-4346659,135812,-941283
-4028345,-4560397,-41022,-876921
-4200213,-4537503,-79404,-751893
-4361917,-4290723,50930,-920857
-4318843,-4351501,155340,-919521
-4201865,-4561145,414090,-1004245
-4211123,-4536977,434912,-1259675
-4187135,-4289103,681664,-1252327
-4310255,-4346103,651196,-1468453
-4322095,-4559465,423666,-1301755
-4210817,-4544911,443322,-1243057
-4231249,-4286989,666876,-1064855
-4317137,-4344815,651348,-941351
-4289833,-4545711,419856,-899729
-4228015,-4547193,434440,-770059
-4301399,-4313457,596632,-687241
-4318279,-4353165,625220,-914863
-4193149,-4537273,484340,-1074037
-4225837,-4549069,431986,-1315801
-4280275,-4293707,624256,-1088941
-4323387,-4359611,635302,-1019989
-4071051,-4558931,472842,-896955
-4224633,-4542861,449820,-742847
-4354735,-4281721,582630,-765631
-4331435,-4347949,611834,-960025
-4169959,-4564201,401094,-846587
-4234897,-4550465,445640,-736117
-4017337,-4795155,242196,-636419
-3790331,-4880079,67668,-447017
-3621997,-5069555,-69694,-372171
-3713731,-5076019,-74774,-213557
-3717115,-5337899,141328,-371575
-3805179,-5397959,79388,-418463
-3872503,-5602023,-8392,-250037
-3708367,-5596311,-90122,-215869
-3863433,-5348987,15576,-193113
-3805183,-5402235,86528,-420721
-3695693,-5601907,-73150,-681401
-3705951,-5588937,-67910,-762525
-3644407,-5342311,-329960,-1021381
-3811161,-5403183,-487500,-955575
-3598829,-5560731,-562036,-718197
-3716545,-5607917,-595478,-757091
-3668587,-5856769,-393390,-700349
-3809867,-5928075,-461596,-949293
-3798815,-6121335,-618032,-854731
-3722563,-6126651,-592092,-756929
-3899175,-6369185,-513100,-797191
-3819301,-6454361,-454750,-972699
-3915261,-6633395,-610526,-777625
-3718817,-6658923,-576558,-729153
-3763515,-6906759,-359204,-511511
-3811239,-6971379,-420170,-474327
-3800581,-7160061,-597156,-428463
-3720303,-7181623,-593532,-218569
-3690217,-7419085,-429170,-329169
-3811219,-7497287,-454634,-438419
-3753625,-7688073,-593658,-342239
-3721645,-7698719,-606160,-283995
-3982035,-7953097,-531590,-284045
-3813089,-8021767,-432258,-468737
-3655201,-8206561,-573282,-272987
-3712553,-8232285,-608026,-231173
-3507383,-8471249,-777376,-113495
-3285293,-8548047,-981510,111597
-3105133,-8759501,-1131890,-125867
-3196433,-8745837,-1104794,-244007
-3430049,-8975841,-1250886,-95551
-3291703,-9079171,-1512620,123195
-3499653,-9253103,-1558120,332847
-3731671,-9274819,-1661292,297879
-3860419,-9022277,-1480168,334483
-3819329,-9075153,-1497630,86507
-4017547,-9223385,-1503580,134761
-4266033,-9282257,-1652890,292071
-4457139,-9516647,-1774372,139523
-4344513,-9610347,-2032810,336509
-4414395,-9756159,-2069782,119867
-4274569,-9807117,-2208892,300929
-4302311,-9545455,-2224698,379531
-4350775,-9598979,-2024178,615341
-4511407,-9739157,-2055258,701753
-4274271,-9796573,-2183904,836595
-4455165,-9535007,-2019448,587885
-4362567,-9605849,-1998876,626327
-4329641,-9758391,-2139092,578525
-4275949,-9805747,-2228774,316997
-4376995,-9561589,-2008350,104943
-4363709,-9601773,-2053844,170451
-4311805,-9789167,-2210588,202703
-4286553,-9813213,-2229256,302505
-4172697,-10067237,-2397494,414269
-4353477,-10130439,-2576966,654509
-4129673,-10291579,-2662036,520035
-4285255,-10335365,-2752482,317355
-4435187,-10575655,-2539816,211013
-4376211,-10658873,-2544370,154111
-4344425,-10812317,-2720852,185613
-4296083,-10873861,-2755722,308633
-4118365,-11112569,-2659598,339691
-4375797,-11185141,-2575778,137465
-4169547,-11302659,-2673590,-14795
-4285853,-11392429,-2705488,-236819
-4344471,-11652243,-2528234,-384987
-4370557,-11718845,-2582858,-361179
-4278395,-11875435,-2733726,-336247
-4287223,-11923063,-2736944,-222699
-4426799,-12163807,-2587670,-228021
-4375171,-12232973,-2572766,-434409
-4232061,-12368125,-2660644,-377997
-4285715,-12439559,-2666920,-245871
-4346455,-12669199,-2467078,-340169
-4370325,-12754009,-2534926,-386253
-4372001,-12879343,-2609102,-295193
-4290637,-12983921,-2709118,-227331
-4504025,-13218773,-2635586,-164863
-4373563,-13288609,-2553188,-385145
-4616893,-13445235,-2602880,-633679
-4811111,-13495611,-2701226,-776623
-4991963,-13745835,-2620118,-867215
-4907749,-13815815,-2587664,-947279
-5159151,-13927263,-2623656,-1101559
-5326389,-14019713,-2697582,-1283565
-5560049,-14267799,-2609694,-1110991
-5431431,-14337883,-2569764,-954951
-5250919,-14450129,-2643036,-1005775
-5336251,-14546867,-2687526,-759107
-5507679,-14773993,-2536122,-656017
-5433609,-14864363,-2588656,-401215
-5197035,-14997679,-2678682,-435987
-5331441,-15067961,-2702574,-223969
-5414323,-15306977,-2468958,-410191
-5434059,-15391215,-2555202,-454457
-5302937,-15501607,-2683722,-582999
-5323987,-15596349,-2705212,-766699
-5095195,-15843427,-2656618,-784687
-4910215,-15910705,-2550190,-990255
-5150863,-16041047,-2625858,-1137443
-5317005,-16116013,-2735018,-1305893
-5461829,-16354441,-2505022,-1461205
-5426793,-16435147,-2559778,-1575459
-5477821,-16531871,-2503662,-1429397
-5328077,-16642737,-2725418,-1311731
-5367707,-16904469,-2569362,-1452707
-5424325,-16952951,-2528278,-1494259
-5661633,-17068249,-2703272,-1279083
-5420638,-4601541,-2723258,-1786538
-5234326,-4855373,-2926694,-1849600
-5493846,-4910279,-3083960,-1977522
-5379764,-4996647,-3177228,-1919694
-5413428,-5125291,-3254090,-1773868
-5523410,-5369249,-3062556,-1758282
-5503482,-5431933,-3061702,-1940496
-5317620,-5535539,-3226148,-2008890
-5414996,-5662211,-3266732,-1783082
-5191640,-5400733,-3162640,-1642232
-4987000,-5434507,-3081102,-1396858
-4791108,-5507271,-3157428,-1508104
-4896084,-5657257,-3258262,-1285280
-4902946,-5404473,-3512048,-1491800
-4980024,-5428569,-3604728,-1413372
-5065010,-5510323,-3660770,-1419740
-4909390,-5666111,-3789550,-1288032
-4778664,-5904587,-3987778,-1232502
-4979132,-5958475,-4134148,-1421650
-5137956,-6023819,-4161178,-1405068
-4908236,-6193735,-4335602,-1276400
-4706400,-6418011,-4432096,-1062422
-4449734,-6481757,-4651796,-881664
-4689110,-6577107,-4688236,-659792
-4913896,-6725989,-4850602,-740808
-5054310,-6934861,-4745234,-712082
-4993038,-7005133,-4659046,-876616
-5137762,-7070023,-4675148,-692404
-4921590,-7252607,-4840808,-739486
-4902850,-6996969,-4947666,-773734
-4977370,-7021493,-4718686,-819278
-4892706,-7078301,-4562896,-1043862
-4936978,-7253539,-4330552,-1268768
-5092138,-7481749,-4384322,-1079508
-4995202,-7539939,-4181840,-869754
-5000938,-7587603,-4124016,-1123772
-4942100,-7787481,-4340178,-1251564
-5192646,-8003065,-4431546,-1220586
-5002852,-8062669,-4676346,-1417588
-5058656,-8098571,-4720892,-1277126
-4949688,-8308425,-4853736,-1242554
-4729364,-8536061,-5040726,-1293592
-4485510,-8591927,-5217114,-1358954
-4500796,-8615589,-5200152,-1387146
-4423776,-8832837,-5364542,-1222812
-4269562,-9046907,-5567068,-1048380
-4498178,-9115449,-5743010,-850146
-4625966,-9129373,-5738286,-623594
-4428286,-9352161,-5893428,-718178
-4402008,-9564931,-5634328,-572110
-4494194,-9643171,-5797232,-361796
-4553408,-9654281,-5728520,-161472
-4434206,-9881869,-5917024,-142784
-4671798,-10074489,-5816038,-102178
-4517202,-10168391,-5784860,-300292
-4555738,-10173629,-5728060,-95876
-4438890,-10403687,-5888246,-161272
-4222102,-10617597,-6047444,-113894
-3979820,-10699815,-6294376,-329676
-4121930,-10678519,-6263836,-88998
-3920744,-10938317,-6426282,-135668
-3794740,-11154067,-6167026,120900
-3984402,-11230447,-6303806,181034
-4112568,-11199537,-6261412,427824
-3932162,-10952571,-6440488,357696
-3920052,-11132725,-6691932,545666
-3989296,-11229383,-6836558,737192
-4152180,-11217925,-6834488,482300
-3933110,-11477171,-6959634,411194
-3766918,-11671097,-7143768,405848
-3996288,-11750213,-7350054,206646
-3898002,-11729227,-7250528,447432
-3942094,-11480123,-7485150,334784
-4178146,-11653497,-7347144,285688
-4008772,-11754405,-7335158,211110
-3779664,-11748891,-7318514,343464
-3934726,-12008721,-7502656,364022
-4096392,-12204691,-7401748,384900
-4008320,-12275177,-7340308,201716
-3760686,-12243419,-7336962,434782
-3939804,-12012871,-7489170,367140
-4021388,-12198185,-7341644,167206
-3999882,-12277115,-7324976,192000
-4113482,-12245877,-7375378,102812
-3941468,-12019377,-7518170,335478
-4112688,-12182043,-7380660,497474
-4003156,-12274397,-7339530,697268
-4221020,-12227505,-7294244,666456
-4469212,-12021969,-7479116,823598
-4317186,-12197827,-7690594,1027308
-4522288,-12280141,-7868668,1286636
-4773926,-12241263,-7871128,1315398
-4986256,-12028543,-8025796,1382418
-4867950,-12192149,-8242238,1589618
-5049096,-12279459,-8377060,1761960
-5028640,-12232855,-8307220,1927154
-4993828,-12028033,-8055306,1879238
-5048530,-12196387,-8317272,1954312
-5049164,-12276079,-8361578,1714244
-5084126,-12230451,-8313484,1542756
-5006688,-12029795,-8543660,1366280
-5009610,-12200143,-8339224,1606086
-5044982,-12273807,-8319978,1747912
-5023222,-12250745,-8312516,1947804
-5011494,-12032139,-8543174,1903416
-5156608,-12216007,-8437448,1734590
-5052026,-12279977,-8361880,1771682
-5106024,-12215093,-8432264,1524948
-5001112,-12041105,-8569754,1331318
-4746480,-12181347,-8704996,1475740
-4511936,-12276529,-8893358,1272186
-4650424,-12229891,-8923022,1313068
-4471222,-12029845,-9064690,1384982
-4642386,-12222907,-8963306,1535070
-4520248,-12275651,-8906396,1274110
-4497848,-12232209,-8865372,1421678
-4486552,-12047321,-9103098,1349080
-4522318,-12194299,-8858580,1336532
-4509016,-12267705,-8865838,1261862
-4486834,-12200083,-8840836,1359494
-4485138,-12042859,-9082444,1373566
-4618218,-12196647,-9110142,1583742
-4505514,-12274299,-8877618,1781286
-4444990,-12210959,-8812086,1992632
-4483008,-12038089,-9033606,1888174
-4565556,-12212343,-8855122,1753336
-4528368,-12270819,-8894892,1749432
-4683764,-12216813,-8915176,1578076
-4487762,-12049335,-9078064,1377556
-4305024,-12247155,-9298594,1221158
-4518474,-12282861,-9422430,1413874
-4677048,-12136179,-9197312,1223834
-4499516,-12048715,-9063816,1357474
-4571824,-12207249,-9060958,1510116
-4521324,-12279369,-8895974,1759374
-4428408,-12167901,-8765336,1912148
-4492636,-12043747,-8579096,1910182
-4487776,-12215677,-8821930,1983404
-4529792,-12276295,-8908900,1827384
-4608136,-12183889,-8855272,1761984
-4498394,-12044171,-9059558,1905024
-4432932,-12228441,-8815172,1689128
-4525436,-12276075,-8932890,1806326
-4659522,-12201633,-8904994,1616830
-4485018,-12027103,-9093014,1421308
-4582634,-12211637,-8882532,1330140
-4537486,-12281563,-8911612,1251442
-4614564,-12230011,-8880638,1229596
-4482166,-12033459,-9067890,1414392
-4429900,-12249341,-8865692,1181826
-4533416,-12279493,-8914950,1262412
-4710724,-12178791,-8879938,1138548
-4480252,-12028679,-9096806,1383324
-4629988,-12267173,-8962992,1425590
-4545508,-12290261,-8894990,1267576
-4722660,-12205133,-8844980,1319010
-4482876,-12039105,-9076686,1379646
-4639566,-12192029,-8928658,1444078
-4550948,-12286299,-8901656,1307544
-4710128,-12205199,-8889528,1356832
-4479600,-12051455,-9092852,1379540
-4635254,-12223667,-8968166,1439986
-4550962,-12295901,-8893672,1243894
-4697212,-12167987,-8851448,1268082
-4483892,-12048889,-9068150,1381534
-4610136,-12222175,-8943978,1494768
-4559284,-12295513,-8922508,1748446
-4627786,-12183691,-8859800,1823200
-4469620,-12032585,-9080506,1855802
-4610224,-12228137,-8962360,1849768
-4559082,-12293135,-8899384,1743132
-4481394,-12162613,-8804166,1936934
-4471776,-12028521,-9064752,1872984
-4421584,-12209823,-9251824,1687224
-4554316,-12292887,-9414154,1761620
-4407422,-12174987,-9305504,1912508
-4477338,-12045449,-9072516,1871450
-4451114,-12220505,-8822804,1680848
-4559254,-12305851,-8895010,1710698
-4415512,-12170249,-8822528,1609354
-4486456,-12051327,-9046176,1870394
-4563098,-12221607,-8921264,1847200
-4569738,-12305545,-8905566,1747538
-4626958,-12165611,-8852448,1664610
-4479166,-12047425,-9089490,1845118
-4569868,-12232505,-8922410,1983190
-4571760,-12308873,-8913056,1786126
-4747302,-12138893,-8879314,1857418
-5003126,-12056285,-9116462,1833074
-5107910,-12209049,-8954322,1812166
-5091350,-12307435,-8884034,1730192
-5000710,-12154925,-8840232,1760326
-5000228,-12056547,-8583308,1852466
-5178320,-12233973,-8434110,1853730
-5098880,-12311237,-8356694,1754810
-4979930,-12146409,-8330600,1631364
-5002568,-12061025,-8087322,1845656
-4906000,-12218285,-8292198,1994490
-5093956,-12312809,-8376962,1736458
-5350060,-12148873,-8164462,1726354
-5540160,-12061831,-8052882,1863080
70173,871650,487676,1926981
149339,799160,542454,1754137
309307,977486,600700,1545115
219583,1034502,357376,1321191
431885,884218,164080,1469219
684303,795054,20568,1723401
710195,986972,103428,1573419
740887,1033428,319106,1332107
815749,909672,90326,1137531
673425,795704,32670,1238009
780519,986528,87802,1080019
736353,1023516,345074,1333035
638707,895018,477472,1384341
671959,794114,557044,1227151
828401,987088,633714,1418957
722497,1019920,866180,1291551
748021,884156,1116196,1482723
661705,791396,1081376,1264573
678691,1000172,1149066,1279429
729963,1023864,1380606,1368799
676435,874454,1599590,1279181
665831,791566,1602616,1249937
790917,1002698,1697472,1249201
742781,1017044,1907584,1304825
953085,889128,1800254,1346729
1197969,787924,1612582,1170051
1163305,1018972,1646338,1064677
1244405,1011054,1392570,1277207
1238949,878276,1353674,1271259
1195649,781328,1575698,1450637
1204511,536562,1366876,1202591
1231373,482908,1350180,1338723
1269969,373584,1382084,1391167
1198931,258744,1582274,1157359
1037839,982,1832250,1244801
1229037,-36478,1860240,1330879
1466101,-138250,1808772,1362075
1711757,-262290,1562622,1229247
1896925,-523434,1677754,1022031
1742023,-575774,1883190,831749
1920617,-686056,1683098,1082703
1713081,-784456,1565682,1256941
1456487,-540272,1721474,1386181
1216955,-570340,1889478,1334431
1181073,-681052,1638956,1128507
1177187,-790570,1552460,1301879
1229479,-546638,1662626,1290407
1207499,-583880,1903002,1375803
1123561,-693236,2097396,1355383
1176163,-783790,2093064,1309603
1084487,-530762,2246738,1445541
1214717,-572670,2429750,1356519
953971,-675146,2296798,1322535
1182877,-786912,2076652,1236621
1417303,-555914,2302646,1318827
1211241,-583542,2404954,1360633
1155473,-684612,2151952,1574453
1172699,-783636,2080492,1812093
1178261,-523486,2202600,1915237
1213115,-587386,2414334,1904163
1271375,-709404,2161712,1788165
1174481,-787180,2089112,1801055
1171353,-558884,2161034,1822493
1217457,-584670,1908004,1866267
1376981,-678154,1751402,1651101
1178729,-787478,1576506,1791849
1277321,-1039010,1717344,1818615
1210269,-1106482,1904364,1865065
1165153,-1232714,2074548,1816535
1181919,-1308606,2072990,1754657
1328287,-1049182,2220126,1946425
1213867,-1110774,2405542,1881787
1108721,-1196800,2621216,1996909
1174479,-1310860,2599700,1757887
1240089,-1569040,2762690,1725215
1210089,-1628218,2957878,1877011
1251265,-1767982,3155718,1709149
1176043,-1836596,3124234,1762483
1215481,-2088682,3281606,1598893
1235341,-2151582,3439856,1361393
1206473,-2264136,3677190,1144239
1175767,-2357528,3678312,1202303
1240421,-2095484,3794296,1293023
1231969,-2152618,3995678,1324009
1345051,-2279798,3748350,1159853
1185091,-2361096,3690408,1266973
1156319,-2608710,3822308,1513597
1224313,-2686528,3974470,1337711
1211223,-2808232,4196994,1289533
1171543,-2883906,4221048,1210939
1198721,-2629172,4270780,1381957
1235773,-2682510,4501736,1337659
1222055,-2804440,4708256,1200667
1169775,-2897126,4704844,1203991
1374809,-3151112,4826124,996771
1231885,-3203018,5034314,812289
1241515,-3328744,4779000,961943
1170507,-3418774,4729102,1197965
990897,-3158534,4855314,1404167
1233739,-3202922,5033238,1315731
1136467,-3339182,5175870,1223225
1165961,-3419228,5261204,1227977
1370001,-3654610,5392968,1469405
1247405,-3722792,5560380,1318927
1301013,-3866944,5339090,1477773
1169533,-3944594,5265588,1240431
1279357,-4174656,5368518,1102321
1232857,-4249956,5571652,1304731
1004673,-4362162,5439128,1276909
1173081,-4473552,5257168,1286211
1237523,-4717384,5405190,1346381
1241601,-4773382,5542860,1324611
1172763,-4931676,5751428,1345207
1157919,-5000062,5818108,1216947
998039,-5208384,6002970,1169321
1239199,-5294926,6067130,1304927
1020535,-5422438,5967434,1335559
1177319,-5523456,5812084,1235163
1392353,-5736032,5866680,1002001
1230515,-5830774,6043570,779769
1461755,-5971820,5959266,861687
1690001,-6044308,5794524,717397
1919655,-6240400,5876764,674477
1759067,-6343722,6045704,791425
1825467,-6483350,5915514,783939
1686539,-6577822,5780630,710589
1544909,-6791842,5988922,953415
1756405,-6875244,6054438,827947
1834621,-7003294,6123464,642067
1695277,-7106626,6275312,385793
1661783,-7296426,6028170,633465
1731689,-7401072,6040318,789979
1763267,-7536366,6103284,788145
1685241,-7623286,6297444,723627
1625567,-7801632,6555180,667553
1741047,-7926854,6571936,838131
1591579,-8080982,6759490,663147
1652361,-8158050,6819306,752407
1586285,-8355056,7063628,878875
1726249,-8452822,7064712,823237
1755959,-8558210,6847270,739215
1656825,-8674982,6814018,775075
1692335,-8842984,6939226,863027
1728339,-8991802,7113298,866475
1648897,-9089248,7311558,827997
1652513,-9205168,7311136,740293
1428891,-9381914,7555012,714125
1213305,-9512956,7632608,821757
1125421,-9628386,7870466,675045
1130041,-9733736,7853644,783465
1047351,-9908624,8077234,582857
1212717,-10037122,8141490,327703
1410495,-10175146,8038162,454689
1649565,-10264022,7818276,194251
1904271,-10434258,7966622,385153
1726245,-10563650,8149762,307311
1967005,-10663218,8072188,351737
2177507,-10785848,7823746,223787
2039929,-10944800,8074238,411115
2247243,-11083374,8134096,305821
2493037,-11176352,8071370,407471
2696349,-11307246,7834234,242051
2779085,-11454920,8040040,484841
2769103,-11621860,8140006,327239
2664169,-11699318,7895310,533351
2683585,-11837544,7807216,766013
2886321,-11973622,8035804,796125
2769131,-12154726,8107368,804391
2754777,-12254174,7867736,761405
2684175,-12363914,7832754,742579
2530917,-12483292,7576156,483947
2759467,-12677756,7625758,330101
2762559,-12764954,7883286,111363
2684659,-12883856,7839466,199169
2602979,-12979574,7581116,451011
2751629,-13211092,7577718,278809
2501369,-13291602,7508252,356461
2693389,-13409976,7310954,212119
2858167,-13541820,7515540,138989
2753295,-13735766,7579176,306909
2756475,-13821084,7324980,177635
2699379,-13930660,7315838,222601
2483795,-14052862,7517020,37199
2745713,-14268224,7606776,-222621
2641061,-14339724,7345236,-387073
2692683,-14450034,7352028,-301959
2851063,-14585680,7532008,-187281
2751097,-14791914,7596442,-221743
2651339,-14911300,7796654,-38067
2702887,-14979380,7847938,-242971
2889715,-15086886,8020720,-194111
2756177,-15321096,8129640,-251855
2635111,-15405672,8335180,-134557
2702297,-15500788,8382114,-298549
2443729,-15626788,8584258,-407603
2223175,-15856330,8639692,-257915
2148595,-15948730,8850228,-200997
2188467,-16022122,8920608,-343553
2297721,-16161172,9113564,-230393
2224007,-16367610,9182844,-264235
2237345,-16451604,9438866,-260489
6388303,6518828,3691688,717087
6148927,6385828,3825514,688685
6408929,6156880,3884936,791491
6375759,6113548,3630336,675373
6387303,5999224,3666272,748205
6241649,5873202,3908646,1005345
6415739,5640420,3945006,802383
6403449,5573364,4187572,574185
6386137,5475538,4195378,728459
6568767,5333862,4368580,674173
6417499,5126770,4456854,767571
6395777,5039248,4205658,744523
6393753,4949252,4227846,744761
6145181,4843538,4380920,977371
5887537,4598442,4473638,760009
5855037,4574102,4482184,893711
5881729,4425252,4740906,737251
5764909,4307898,4947110,887313
5895313,4073190,4996656,777415
5937739,4008646,4809300,612927
5859797,3896420,4735828,749539
5846899,3785238,4982958,795039
5893913,3550758,4978874,790135
5651185,3460266,4888118,885637
5872015,3364644,4701262,666675
5840019,3229240,4509834,703091
5879377,3024892,4448626,806597
6045217,2955740,4586060,583151
5877637,2838810,4699032,364349
6067267,2776386,4530710,550049
5888037,3033630,4445764,309135
5950763,2953208,4537350,278061
5854347,2832104,4708118,195203
5615215,2733884,4904290,407035
5353243,2500118,4988772,329619
5603793,2426246,4859606,484991
5844119,2313130,4709068,229941
5790423,2210040,4929914,472741
5875365,1977806,4986920,308759
5847149,1883326,5185914,236989
5821281,1790232,5241592,276809
5982699,1686686,5432246,356825
5897399,1475526,5511954,324399
5721135,1367668,5699864,490185
5819055,1254654,5727420,261497
5604563,1164562,5946070,208911
5380935,941278,6024972,294435
5392637,834988,5840060,552261
5303591,730114,5759400,755717
5532427,654798,5971486,686977
5374853,419284,6022870,837045
5314203,287066,6284724,1079719
5290945,207680,6302936,1284961
5186209,121330,6060808,1392307
5367709,-110996,6026324,1364899
5129811,-216860,5949714,1565805
5304051,-317560,5766096,1787239
5127087,-390768,5510820,2034639
5375161,-638680,5510084,1896139
5317959,-692854,5248446,1634589
5452537,-441614,5271304,1448879
5648319,-527832,5170216,1501063
5901903,-641314,4990820,1361827
5847871,-690730,4752836,1105005
5978105,-448124,4739406,926607
6076869,-524624,4599852,1174249
5904075,-643272,4489576,1303709
5859273,-697752,4719510,1502149
5974015,-450268,4715908,1436075
6097455,-521022,4568812,1498501
5903351,-639212,4470212,1323443
5927477,-700192,4215438,1394349
5969667,-454470,4213402,1432567
5742883,-499326,4163118,1361957
5898159,-643536,3964270,1376005
5672075,-705164,4176332,1442535
5441989,-455276,4181422,1454097
5291401,-524198,4427116,1462953
5363729,-640998,4469582,1375335
5122305,-690212,4726542,1425611
4916609,-447176,4692152,1468985
4800933,-536864,4939180,1447859
4837975,-640038,5022942,1415809
5098219,-710158,5275012,1530717
4917337,-457456,5217292,1427273
4910331,-523812,4988236,1320901
4845701,-639792,5026204,1361439
4897433,-678360,4803996,1447605
4911867,-452866,4716080,1413655
4927117,-538906,4548370,1659199
4849629,-645566,4501868,1882795
4937493,-681532,4324212,2141489
4908191,-460236,4215656,1966303
4864567,-535956,3958064,1821027
4846197,-645426,3958980,1947025
5041973,-651640,4187886,1923437
4914307,-458962,4176958,1960697
5076953,-518144,4033886,1807063
4860839,-640876,3967842,1944777
4801665,-688578,4148148,1759207
4906863,-468188,4202584,1897885
4868067,-530518,4421800,2021765
4856963,-647582,4495396,1902371
4760761,-680744,4240590,1706155
4903445,-462782,4186670,1950045
4846377,-507094,3970748,1832693
4855243,-639396,3931612,1908703
4879757,-666556,3710356,2020809
4910417,-463598,3693364,1951713
5129729,-532524,3507300,2208095
5389763,-645216,3439478,2361683
5340037,-650864,3184828,2566211
5431121,-469684,3193940,2459633
5341257,-532968,3176992,2630721
5399795,-641770,3407212,2441197
5413903,-675418,3214574,2568461
5427963,-463922,3160928,2474717
5363321,-539204,3367936,2665861
5383083,-639274,3434948,2403855
5451649,-681530,3672414,2464527
5436935,-466370,3703148,2461489
5365983,-491228,3726566,2414505
5394993,-648084,3935268,2669291
5186451,-618910,3878274,2812953
5404001,-480538,3664418,2947443
5476319,-514676,3833248,3022847
5390441,-649548,3969400,2877719
5342985,-695538,3728488,3082775
5420115,-459834,3694608,3034893
5513205,-544198,3905784,3173973
5371027,-645608,3906042,2959487
5251037,-701914,4162350,2967817
5408897,-460362,4180522,3058375
5427217,-527880,4025054,2848087
5366815,-643240,3934216,3015581
5126161,-699582,4190202,3019629
4889267,-472672,4206018,3044125
4989511,-522516,4025564,2943279
4848087,-645848,3947820,2931819
4861429,-687974,3723454,2722969
4893005,-469498,3678814,2505595
4880709,-534830,3460088,2257093
4836713,-640956,3393892,2451559
4625613,-699074,3157878,2606025
4379239,-469810,3172594,2487493
4372589,-558186,3419472,2347113
4311115,-648212,3419950,2450465
4287921,-683500,3169018,2415051
4377481,-459224,3151726,2473049
4361781,-520220,2901102,2375589
4308861,-648112,2902286,2417777
4092831,-668650,2665592,2343569
3864067,-459100,2630346,2451965
3883579,-536292,2419262,2338745
3793081,-642248,2380910,2414163
3620847,-664700,2610874,2436533
3859203,-460250,2610976,2465845
3796411,-518128,2418880,2457451
3789017,-646846,2389566,2404891
3611479,-684280,2619222,2333287
3859299,-470898,2618816,2460433
3822903,-554570,2872534,2502843
3785357,-652038,2907702,2433727
3656139,-661684,2655894,2349023
3867029,-460476,2627588,2447101
4035649,-512768,2504026,2358801
3799573,-644548,2426658,2400377
3774733,-667118,2659606,2591929
3861403,-461172,2640842,2430351
3845977,-554120,2857232,2286423
3785989,-650420,2901704,2382429
3559689,-684730,2684512,2431201
3330331,-467866,2642502,2461563
3111331,-535296,2582828,2617009
3277907,-646344,2389714,2409159
3021311,-669184,2615302,2422225
2804971,-462642,2613630,2438001
3047829,-537022,2559368,2679179
3276673,-651540,2386128,2914899
3110685,-695128,2621080,2828827
3338979,-470434,2619830,2954865
3320211,-543752,2841412,3006943
3274509,-647500,2925752,2942197
3125669,-646752,2681824,2909669
3336399,-473318,2637022,2955049
3262761,-530124,2844630,3011373
3269103,-651568,2906258,2928455
3343685,-690282,3140462,2959821
3338933,-472610,3178550,2946185
3381235,-545922,2938278,2933103
3277617,-653348,2911916,2909171
3338075,-687734,2652894,3151887
3333615,-469342,2642104,2937319
3215969,-531582,2661210,2795849
3288681,-646926,2915870,2873427
-1543376,-2431488,-1342054,-331779
-1475966,-2238042,-1333204,-264125
-1444288,-2302782,-1560288,-437519
-1527866,-2418524,-1581624,-293735
-1284224,-2457354,-1340936,-112351
-1469286,-2236404,-1328156,-281753
-1464024,-2290158,-1547962,-390501
-1541666,-2427146,-1584168,-306489
-1742734,-2422028,-1326302,-235421
-1988884,-2235286,-1324888,-245059
-1870262,-2315722,-1536886,-10607
-2056834,-2426442,-1580854,181051
-1956508,-2417740,-1791728,262477
-1993090,-2242928,-1856584,265325
-1868586,-2297514,-1972996,388487
-2054326,-2421312,-2108216,196361
-2027134,-2456982,-2364490,319087
-1994990,-2245512,-2395390,253461
-1922560,-2321840,-2550798,348591
-2059324,-2429764,-2633442,188465
-2150576,-2450282,-2874602,64911
-1987300,-2233630,-2914118,260341
-2045824,-2330390,-2697578,314749
-2063492,-2426388,-2633506,217665
-2310372,-2422162,-2383900,232363
-2507750,-2231270,-2358814,266819
-2455824,-2323162,-2311742,83889
-2572052,-2441512,-2172190,271871
-2757560,-2404332,-2218008,299187
-2512540,-2228212,-2395552,243809
-2610648,-2319648,-2373624,390219
-2574682,-2427544,-2116654,190721
-2508270,-2420766,-2259800,434235
-2520692,-2231104,-2363678,259383
-2389322,-2316760,-2514474,449797
-2587792,-2424950,-2634372,253743
-2540398,-2440752,-2406978,374481
-2520834,-2224994,-2377638,282525
-2651556,-2332156,-2147514,348963
-2593258,-2430262,-2137388,261973
-2722092,-2442526,-1875668,201059
-2509800,-2235520,-1850834,286675
-2648906,-2312036,-1594296,283777
-2590072,-2422938,-1585798,254167
-2750222,-2451244,-1355442,317877
-2510704,-2236688,-1332220,293239
-2586338,-2359810,-1077370,226779
-2593756,-2420182,-1067460,248503
-2835840,-2451136,-808220,332995
-3029760,-2230594,-794860,260725
-2884184,-2307568,-955630,57045
-3097960,-2421848,-1080472,216857
-3119332,-2410524,-1247698,362623
-3036922,-2240518,-1340756,275675
-2967864,-2308286,-1551050,456643
-3108542,-2419798,-1574946,229211
-3103916,-2444926,-1339812,406471
-3033396,-2229810,-1349216,294487
-2795324,-2301928,-1439100,278995
-2582780,-2422922,-1590350,183215
-2559534,-2442480,-1362352,315205
-2519476,-2232588,-1302686,301143
-2379658,-2290994,-1486050,472959
-2593034,-2425600,-1574254,734379
-2509126,-2457172,-1818982,783473
-2517386,-2245558,-1867552,811433
-2378322,-2311762,-2056104,551499
-2593748,-2423366,-2096604,727071
-2525138,-2435898,-2306996,964921
-2532304,-2234394,-2380340,824171
-2719646,-2289036,-2438292,910791
-2585360,-2422524,-2647210,754577
-2625780,-2452192,-2426046,889801
-2523458,-2236334,-2379700,831249
-2315178,-2316144,-2478126,600785
-2069596,-2423634,-2651184,813741
-2175514,-2429200,-2416734,801243
-1996194,-2234914,-2385014,793455
-1937892,-2286692,-2603148,641731
-2072552,-2422116,-2638826,792935
-2104298,-2455446,-2460294,592367
-1993268,-2243434,-2392610,832641
-2025888,-2277684,-2646646,721721
-2069716,-2421968,-2671438,771133
-2270892,-2461194,-2432338,844029
-2524494,-2244028,-2383996,809227
-2439456,-2322748,-2595210,621845
-2588920,-2424648,-2657540,767215
-2773990,-2457906,-2905888,710681
-2528878,-2242624,-2896890,822393
-2587730,-2333376,-3147616,870817
-2598820,-2427512,-3173010,757327
-2738400,-2426352,-3394626,701317
-2514288,-2231556,-3420834,794027
-2657562,-2298972,-3433376,951413
-2574754,-2424868,-3667562,741229
-2801420,-2455006,-3442648,614215
-3042048,-2237550,-3417284,802921
-2858464,-2285314,-3505066,838939
-3108534,-2421398,-3693784,725737
-2988962,-2432342,-3918210,912843
-3053024,-2241128,-3964344,776703
-2976680,-2315470,-4173882,541117
-3110204,-2423112,-4226262,755723
-3091568,-2432726,-4452608,948775
-3051126,-2234870,-4490106,813893
-2854898,-2286026,-4601882,991257
-3104116,-2426596,-4745546,731615
-3340118,-2419882,-4497934,887235
-3571038,-2232440,-4449270,822733
-3595752,-2286754,-4217288,856351
-3636550,-2425256,-4207350,739865
-3741342,-2447494,-3956124,516757
-3568318,-2240210,-3936406,273341
-3326452,-2303662,-4040596,325853
-3108566,-2422732,-4209412,243389
-3191702,-2433522,-4054178,101825
-3044352,-2241986,-3924578,278917
-3290990,-2305104,-3989534,226189
-3103692,-2419632,-4215342,228369
-3320798,-2440562,-4439840,189955
-3570384,-2241136,-4473720,296435
-3627640,-2295276,-4671684,343929
-3640034,-2420144,-4735008,225593
-3580648,-2468132,-4489936,457183
-3571242,-2239372,-4481648,311767
-3754090,-2311438,-4560328,279583
-3618920,-2439870,-4791614,418257
-3777548,-2375634,-4796176,494085
-3570718,-2232992,-5002854,276307
-3569782,-2312980,-4998396,336685
-3624698,-2427922,-5230924,157127
-3575670,-2420060,-5458956,416579
-3572906,-2235690,-5522064,333163
-3577524,-2332910,-5752346,466913
-3642080,-2420460,-5781624,243811
-3718336,-2437656,-5573984,42191
-3574752,-2236216,-5526626,291343
-3642956,-2316540,-5308006,430261
-3637202,-2423166,-5291116,306273
-3464442,-2460006,-5052664,435253
-3575446,-2235632,-4981976,282281
-3419332,-2318818,-5163356,443797
-3633318,-2424292,-5228514,285605
-3375854,-2478678,-5026444,261653
-3566736,-2221656,-5003274,305355
-3586692,-2347500,-4792740,104021
-3626350,-2417678,-4755500,265279
-3568228,-2492082,-5006466,301369
-3572242,-2233848,-5024640,309697
-3415252,-2335788,-5193788,495961
-3628934,-2420452,-5288054,236561
-3758194,-2455032,-5056088,89449
-3557570,-2226740,-5004402,318619
-3517054,-2320506,-5254028,82883
-3625006,-2420960,-5258040,270555
-3626854,-2482034,-5492554,469431
-3558340,-2232212,-5509900,311293
-3601652,-2307560,-5342424,112675
-3627878,-2416016,-5284582,251415
-3658408,-2466800,-5540728,428597
-3551758,-2228056,-5522086,314949
-3331216,-2298284,-5620448,558089
-3091772,-2415688,-5787356,792689
-2856678,-2461096,-5548908,899269
-3026330,-2225980,-5503472,825587
-2814144,-2309766,-5636878,576193
-2569634,-2414080,-5791898,779161
-2630332,-2469676,-6036720,540339
-2509694,-2229224,-6044258,293451
-2373686,-2318948,-6225628,449001
-2578222,-2418338,-6330094,209857
-2729932,-2455034,-6108630,402045
-2501742,-2220920,-6036460,307985
-2535888,-2328342,-6294270,99409
-2578092,-2414116,-6316928,212995
-2546108,-2488878,-6067752,343865
-2502480,-2729654,-6018176,334995
-2589212,-2839052,-6264560,422299
-2568258,-2932912,-6282090,243903
-2326764,-3009890,-6062426,302707
-2487868,-3255906,-5998338,307625
-2522152,-3369000,-5788296,309379
-2570446,-3461328,-5767328,234209
-2612064,-3529584,-5581390,243511
-2485998,-3785964,-5476696,315319
-2471434,-3873236,-5251504,107565
-2563302,-3979804,-5234934,219721
-2781360,-4062694,-5001542,235267
-3029618,-4318492,-4966992,268167
-3091766,-4403878,-4793658,265645
-3086440,-4508172,-4703580,208905
-3247736,-4586736,-4470234,143193
-3010688,-4841990,-4459412,258113
-3186168,-4959548,-4274764,340035
-3093704,-5027424,-4206310,205233
-2925376,-5129488,-3992542,267387
-3014514,-5344578,-3946236,260619
-3024824,-5460304,-3685768,219403
-3088574,-5555208,-3665662,217311
-3336850,-5658636,-3452294,307569
-5623457,-4823529,-2898079,-1806906
-5655343,-4918177,-3095637,-1844930
-5699501,-5026599,-3144293,-1871994
-5899907,-5129035,-2923609,-1900756
-6147889,-5349311,-2886107,-1827058
-6204833,-5477991,-2694369,-1751220
-6228127,-5558797,-2621087,-1870110
-5978755,-5652415,-2379685,-1947542
-6153541,-5872317,-2357705,-1845500
-5978925,-5980337,-2517767,-1951204
-6220025,-6076793,-2607035,-1917226
-6402685,-6168321,-2427177,-2057220
-6144895,-6393375,-2345675,-1856416
-6010527,-6496907,-2531791,-1747640
-6231883,-6611155,-2640137,-1898432
-6207097,-6710885,-2882297,-1913892
-6142861,-6923581,-2876527,-1832790
-6237379,-7013415,-2892193,-1866116
-6228181,-7132859,-3136297,-1906082
-6040247,-7225267,-2939221,-1810704
-6142835,-7432741,-2887665,-1833270
-6334721,-7514975,-2857335,-1985430
-6228841,-7655871,-2622461,-1975512
-6170611,-7742595,-2849143,-1736238
-6157547,-7964403,-2893953,-1844844
-6205001,-8045383,-2866403,-1866678
-6230927,-8189177,-2669603,-1827522
-6078729,-8227975,-2699023,-1794786
-6139543,-8477339,-2883731,-1853550
-6094531,-8576093,-2772049,-1669272
-6226011,-8714553,-2682923,-1438698
-6115859,-8769409,-2788861,-1282468
-6162405,-9007303,-2907069,-1268964
-6421241,-9096239,-2961327,-1436320
-6242075,-9228233,-3195847,-1367546
-6247877,-9309925,-3449713,-1185682
-6172193,-9531211,-3417771,-1286054
-6192645,-9632821,-3658589,-1139886
-6243587,-9746907,-3708941,-1362546
-6401673,-9816639,-3524107,-1192774
-6158881,-10063331,-3413097,-1235782
-5918013,-10161301,-3529931,-1208954
-5711897,-10273219,-3691395,-1353962
-5741621,-10382161,-3459081,-1416196
-5641215,-10588169,-3421459,-1239688
-5564403,-10682413,-3648585,-1028106
-5707793,-10796579,-3644847,-826424
-5895071,-10908973,-3548711,-907300
-5642221,-11115577,-3418365,-689568
-5714067,-11205827,-3182709,-831124
-5718655,-11319385,-3172937,-750376
-5759127,-11445799,-3379365,-546028
-5634949,-11642327,-3424273,-750768
-5864921,-11732779,-3448839,-842480
-5704673,-11839621,-3670865,-819172
-5875273,-11921899,-3552307,-1007574
-5643101,-12160627,-3419251,-1236490
-5884829,-12239875,-3440537,-1248768
-5703271,-12370427,-3697333,-1344800
-5782045,-12462843,-3955071,-1152092
-5644339,-12699379,-3953193,-1242158
-5442911,-12748943,-4082317,-1046632
-5189025,-12898115,-4223365,-1284778
-5296197,-12995745,-3968185,-1132006
-5126589,-13215761,-3938225,-1234834
-5193661,-13301219,-3694549,-1079528
-5193319,-13416023,-3692103,-1281952
-5289867,-13539093,-3443805,-1076248
-5131287,-13741275,-3418263,-1229658
-4874427,-13837965,-3529433,-1013864
-4659117,-13945713,-3716207,-1272336
-4543199,-14073991,-3526829,-1266646
-4602231,-14267295,-3433173,-1213786
-4576069,-14343999,-3629127,-955148
-4657207,-14460049,-3708407,-801570
-4851291,-14604267,-3471327,-856908
-4597771,-14773827,-3426675,-725336
-4530385,-14855713,-3677831,-941644
-4647597,-14981013,-3696715,-769606
-4522933,-15146839,-3505465,-727754
-4589187,-15307421,-3419943,-713908
-4588863,-15405253,-3183361,-852332
-4641777,-15506207,-3163661,-789686
-4424577,-15645899,-2946313,-781206
-4590691,-15834737,-2900469,-728868
-4664015,-15927787,-2678585,-634730
-4640783,-16020159,-2622797,-791352
-4487149,-16171053,-2419393,-630444
-4579647,-16354545,-2347435,-764588
-4618101,-16464671,-2116297,-720892
-4629289,-16549779,-2084593,-857878
-4423497,-16700319,-1935123,-784122
-4578331,-16869567,-1827457,-736402
-4624825,-16943621,-1594631,-940200
-4619681,-17067083,-1575499,-837746
-4514727,-17226799,-1425567,-835172
-4574113,-17393569,-1311961,-748530
-4656567,-17492635,-1104955,-719748
-4624883,-17582189,-1061313,-835692
-4534219,-17754255,-851167,-836872
-4564489,-17916555,-753565,-766934
-4514817,-18006947,-940191,-885514
-4609851,-18106683,-1044177,-867388
-4453835,-18300877,-871583,-918022
-4561511,-18444335,-789449,-763068
-4670613,-18546307,-597931,-698806
-4611227,-18635421,-529751,-836884
-4406135,-18817505,-322553,-1025720
-4550147,-18959671,-252685,-772776
-4538263,-19068057,-461115,-932788
-4610973,-19154275,-512405,-832428
-4551123,-19369973,-383015,-801020
-4549967,-19473659,-224255,-769944
-4489725,-19566997,-432693,-832176
-4609489,-19682997,-545217,-824098
-4492773,-19890649,-374897,-729544
-4552021,-20000911,-235665,-802278
-4413801,-20073367,-395869,-997994
-4601237,-20202817,-515177,-892328
-4473517,-20427181,-329695,-845630
-4546327,-20524993,-224713,-790442
-4478563,-20635783,-472507,-584008
-4602501,-20729855,-514583,-392080
-4769527,-20928195,-308553,-257708
-4550485,-21051751,-214251,-252158
-4523969,-21155351,-238185,-83434
-4593011,-21260721,-20947,-53732
-4561505,-21466577,239007,-228804
-4542999,-21567921,289589,-324834
-4467497,-21677437,366285,-377716
-4599087,-21781123,522807,-590926
-4360299,-21997893,732961,-820552
-4544913,-22070093,852797,-739258
-4329169,-22206081,655901,-684844
-4091825,-22297305,523093,-862848
-4278975,-22493765,718481,-665516
-4538731,-22595251,844059,-700470
-4435885,-22726617,630157,-505192
-4615831,-22827727,506553,-308160
-4429597,-23060871,641995,-106306
-4524409,-23120419,807231,-192936
-4349931,-23241865,705983,-264250
-4088661,-23354047,502291,-327590
-3940873,-23605617,626367,-577320
-4005945,-23641803,826235,-682760
-4011313,-23754677,1041251,-569094
-4101573,-23887163,1003881,-320852
-3847045,-24128285,1202167,-96476
-3992811,-24147997,1388013,-190484
-3948021,-24268133,1131795,-345468
-4098649,-24400895,1019353,-328570
-3846511,-24658255,1160501,-189206
-3987015,-24681743,1379885,-149636
-3884905,-24821053,1122333,47814
-4092773,-24924627,1031213,207826
-4243853,-25172649,1285237,199378
-3989217,-25204883,1391633,367446
-3922953,-25334809,1650631,533534
-4097419,-25449135,1520647,732308
-3946019,-25189223,1637423,678508
-3985503,-25194407,1377909,873984
-4093107,-25327563,1586497,927838
-4098181,-25447917,1521941,772492
-4275457,-25685333,1709887,550006
-4511337,-25722879,1898965,355120
-4706189,-25848611,2076701,404186
-4623419,-25970151,2075535,196032
-4811875,-26197407,2234889,412910
-5038537,-26242557,2400811,338870
-5055281,-26361637,2654865,81960
-5137841,-26491423,2616057,200310
-5051365,-26751837,2760963,233350
-5029433,-26766621,2952741,348762
-4904029,-26912145,2810255,457288
-5139721,-27019999,2619283,688052
-5155559,-27238665,2721593,818958
-5024863,-27287035,2933223,878170
-5139843,-27432695,3080439,937054
-5135507,-27543683,3122571,747088
-5183499,-27797789,3223805,850414
-5021361,-27799553,3480635,839148
-5135377,-27951485,3659763,840466
-5135787,-28071413,3655519,755802
-5027347,-28331799,3803643,728948
-5019119,-28337521,3987247,853638
-5186425,-28455683,4152023,988188
-5142205,-28590047,4182033,734764
-5087825,-28341801,4358203,854338
-5029025,-28345809,4519493,822018
-5127379,-28489597,4681389,817792
-5136781,-28598301,4684703,719708
-5133161,-28339461,4817041,710534
-5016345,-28339677,4568987,813480
-4936569,-28454747,4327311,593044
-5128033,-28591591,4204859,719744
-4949107,-28331847,4304245,615912
-5036243,-28342375,4536007,824124
-5154151,-28496397,4700913,912604
-5128331,-28587517,4678787,727800
-5170077,-28834281,4860783,468544
-5022867,-28873207,5044835,284374
5198,881201,503660,1880489
114208,768917,504894,1732935
208526,1019037,652456,1778887
228954,1022471,862228,1816395
252944,878405,1115402,1722953
134000,773537,1023634,1718873
351786,1003801,1166484,1948259
213618,1011925,1403714,1861903
433248,900055,1175428,2098563
669648,768749,1050606,2226391
750946,511093,1245476,2400835
743216,490539,1394222,2359055
658596,405579,1382946,2158891
667706,248835,1572262,2242533
630780,6043,1730918,2469977
740620,-30403,1916512,2353235
779474,-164885,1679204,2261245
660038,-266945,1550738,2260913
737270,-10823,1708244,2287575
736496,-31773,1909684,2393365
872984,-141585,1704582,2587781
670232,-267533,1557648,2754055
727810,-17823,1706146,2604955
729718,-40799,1910344,2383707
898192,-164409,1942306,2293209
689398,-276801,2043296,2372957
624688,-22775,1824280,2488419
707634,-42299,1867822,2315743
755560,-132187,1953978,2529637
675676,-267111,2069712,2768693
470336,-39625,2281428,2973133
723066,-37331,2414250,2960985
799484,-139005,2201890,3085499
665476,-259543,2057372,3313799
892234,-32027,2212340,3474477
722292,-35483,2439518,3445411
539198,-147215,2375454,3487235
680364,-259139,2602306,3306691
623342,-56781,2671086,3231037
722486,-27441,2413960,2977535
901998,-139269,2269064,3128895
671030,-253171,2076252,3296819
870780,-65415,2213458,3369955
730490,-25213,2452422,3459885
792690,-163043,2209230,3208989
673528,-258797,2040076,3324763
623488,-60761,2160744,3313415
727506,-18999,1903434,3497881
680530,-151011,2079670,3377877
674794,-256797,2062536,3353679
852058,-70757,2184288,3502519
732654,-20967,2440546,3492419
766286,-179779,2651954,3702241
669524,-256033,2609494,3847461
706014,-81737,2678448,4071205
744180,-28203,2443234,3989575
886270,-152497,2260522,4136481
681712,-249203,2104860,3878459
636052,-71743,2165838,3740107
736022,-8955,1908766,3497653
781832,-193799,2146132,3738853
677152,-257243,2140842,3891981
761412,-97965,2126260,3647649
749928,-15719,1923000,3491363
663070,-188927,1990456,3394591
679684,-254745,2093184,3311199
828928,-79109,2245242,3157807
740036,789,2449796,2946939
812100,-136319,2704658,2937417
676160,-248279,2622816,2767299
707660,-66621,2640564,3014659
746656,-3771,2447576,2965993
708248,-197585,2660684,2854593
674034,-250915,2663476,2858881
841846,-105665,2732976,2879219
752778,5325,2973160,2942271
672836,-161189,3212290,3159617
680740,-252935,3169882,3309649
864444,-88713,3290238,3493409
760744,11499,3505192,3488983
794680,-172155,3263586,3564345
673536,-252977,3152048,3342913
653786,-114595,3172080,3154495
777228,20429,2970336,2969057
757914,-178593,2709532,3176737
681738,-251961,2624566,3377879
813332,-73039,2722348,3422505
774778,14051,2466628,3511445
554488,-158773,2319984,3355345
683012,-250923,2109266,3350877
834638,-84437,2258880,3536145
768472,22441,2447176,3495051
1018258,-169167,2325150,3665167
1204166,-252745,2108866,3881145
1136024,-123605,2149600,3922597
1288732,31409,1908882,4028725
1195972,-152923,1864056,3859213
1212040,-250387,2125594,3921657
1325158,-86659,2246272,4012877
1297962,29247,2457988,4040381
1210466,-159759,2660914,4239515
1193518,-253767,2619518,4412383
1350686,-99875,2747682,4552889
1291742,24609,2963078,4535441
1371062,-175139,2764052,4728965
1195348,-248965,2625078,4890085
1284598,-78511,2696052,5078379
1282712,20113,2945994,5101023
1424030,-160271,2711478,5122743
1204930,-250217,2619614,4922183
1166578,-84549,2677104,4890925
1295160,15053,2467238,5120595
1400282,-165687,2225830,5304859
1184178,-253857,2089840,5507343
1129004,-87837,2146026,5483027
1294442,17013,1923538,5614949
1208480,-131701,1681942,5441563
1190676,-250761,1561362,5487787
1147098,-117659,1611622,5561757
1288674,15965,1406802,5594533
1297108,-162859,1660548,5488473
1195344,-247485,1553346,5465337
1289978,-97945,1705694,5225003
1296232,21809,1928462,5071449
1105502,-141559,1858816,5024351
1209094,-253281,2081544,5189511
1082430,-61943,1831492,5136563
1278202,13839,1916652,5105501
1255440,-143483,1879476,5082943
1199924,-266305,2076608,5300225
1352912,-66671,2219242,5210751
1283216,5281,2424398,5106645
1362348,-163523,2227084,5084711
1200888,-252673,2066690,4946527
984034,-104951,2085624,5066147
755500,7955,1910052,5117463
910564,-147153,1776364,5176805
681336,-245603,1565938,5438917
797586,-98285,1675766,5615573
749476,16377,1886558,5609967
877936,-132137,1731852,5726193
676190,-246363,1567448,5980821
822962,-120953,1584636,6017987
759886,13437,1408070,6110089
554062,-167673,1299878,6006371
683136,-252809,1554136,5998219
773138,-105723,1614494,6127087
745602,15657,1380414,6134529
947304,-137603,1281334,6153861
1207432,-253507,1029354,6021331
1232836,-109657,1095462,5943951
1267528,18887,881452,6159997
1494468,-146185,734518,6210987
1736508,-245221,510452,5983285
1569008,-106441,559428,5992429
1799286,18953,387258,6150367
1726992,-159837,476212,6146687
1729434,-244689,501298,6020433
1668890,-116927,628662,5881053
1789124,15433,845176,5626355
1757060,-144215,596864,5471353
1733100,-240347,526062,5480449
1650444,-135407,656950,5433869
1800928,22747,846578,5611195
1700802,-135067,1066458,5526207
1732212,-241375,1015096,5485363
1784886,-134443,1144808,5736685
1807776,13829,1388250,5614319
1621342,-172543,1626528,5729885
1726620,-243995,1542662,5982671
1690044,-97705,1605846,5831679
1807100,12541,1387564,5605079
1867038,-153027,1171516,5708971
1741452,-245995,1053178,5931131
1543858,-136457,1128312,5965809
1283774,18481,1358450,6149431
1317010,-146839,1115562,5972661
1217330,-234961,1049494,5981043
1073888,-131961,1124658,5892475
1296444,23973,894966,6097027
1152058,-127793,980774,6194513
1220734,-236697,1033840,5957241
1234038,-139395,1052430,5848197
1296488,17509,889442,5596147
1243704,-136069,1118206,5529507
1220770,-240139,1037172,5429933
1072694,-130415,1120856,5523845
1294522,25709,897982,5542049
1288424,-168203,1090270,5495315
1225014,-243253,1038154,5397765
1432230,-146361,1175762,5530383
1291636,29773,922048,5551461
1497654,-152535,666450,5570469
1750094,-239561,524152,5436047
1631624,-174901,563584,5356965
1810170,27599,372648,5610527
1769726,-147495,497884,5854037
1750024,-234535,490024,5923359
1668480,-138759,529990,6048011
1818454,26131,355622,6084863
1871000,-150193,591724,6032655
6468255,6579406,3673905,714224
6296117,6688910,3721805,802106
6555117,6841062,3499461,880860
6399107,6660816,3625691,938640
6465315,6580994,3703029,685116
6392433,6697800,3715437,672888
6556945,6853462,3517505,841220
6511639,6680386,3731873,745002
6469047,6574586,3701019,729620
6258987,6679418,3683213,670374
6032965,6850316,3492965,849580
6185345,6659602,3265437,840768
5946813,6574898,3156801,685486
6040207,6653888,3254687,444094
6019659,6855514,3514301,317058
6090265,6962780,3638437,469274
6115937,7128024,3894205,473148
5950653,6944278,4038173,509448
6024471,6858026,4112983,308668
6086419,6958812,4136647,101902
6112053,7125858,3886953,-58686
6283513,6967156,3943285,-301554
6062243,6855390,4031977,-66126
5815933,6973514,4253295,-73874
5580351,7126178,4407191,-48628
5468571,6922418,4313925,-154320
5513427,6854726,4077195,-171150
5549739,6933620,4139213,18530
5584767,7146664,4396627,-7036
5669515,6943602,4188209,-229004
5502615,6858554,4061725,-168974
5463739,6942408,4117095,-415750
5578655,7129222,4370945,-492852
5416899,6909322,4574135,-520912
5505609,6861954,4587767,-664220
5263803,6911886,4590211,-542408
5052561,7142320,4397011,-511134
4930661,6946676,4542945,-505166
4981119,6867708,4573893,-669408
5205241,6975492,4623449,-628918
5059243,7140180,4392651,-538188
4924363,6931648,4538019,-394682
4981881,6865950,4603181,-135716
4811913,6928886,4594833,-162174
5057361,7128986,4437471,-28240
4958913,6953020,4567757,84084
4986045,6863174,4638615,320358
5116087,6968594,4732163,184582
5061713,7138236,4953863,-49358
4826941,6982802,4832713,-209144
4997583,6862052,4613899,-172362
4927029,6945026,4597289,-430976
5063105,7144628,4401163,-556064
5214123,6948188,4212057,-395286
4995125,6869626,4093043,-181468
5036541,6963628,4127331,20090
5054211,7136444,3876513,-33124
4949955,6954640,4074679,125128
4987887,6869584,4094203,366862
4947183,6938788,4138151,516706
5051833,7130658,4394173,497484
5120669,6939084,4170163,643288
4999497,6872466,4082955,893272
4997645,6934730,4143129,959540
5047043,7139224,4390191,1024934
5000627,6933852,4623973,1009058
5004561,6873074,4628069,916174
4921831,6937964,4622865,842574
5063471,7145596,4403967,1018706
4933649,6940870,4639549,842980
4994519,6876412,4609729,903890
4985505,6931484,4679437,670190
5047325,7119956,4423977,476482
5044885,6942956,4566681,472622
5005777,6880838,4604685,366016
5107515,6978266,4663509,466746
5047685,7128094,4422045,472286
4984163,6941242,4550873,675290
5003183,6877200,4581553,918424
4905259,6948870,4623523,729990
5047387,7126562,4407111,483020
5216567,6950746,4244741,561056
5011299,6883154,4097863,367872
5052115,6931874,4192879,414574
5047013,7126362,4415507,480374
4981993,6928580,4568385,254510
4999017,6876440,4607329,350702
5034139,6942528,4604237,460620
5047965,7125996,4422303,492364
5229307,6939092,4271001,492020
5009501,6874836,4092499,338840
4963811,6921706,4106117,476806
5048189,7128538,3894615,513446
5252869,6939078,3685475,608274
5001677,6873528,3556203,409778
5014409,6925612,3657639,580920
5037229,7121980,3878223,524878
5071287,6966804,3664169,683868
4994447,6876608,3557221,895628
4980719,6957696,3551335,657252
5033235,7132248,3348969,521354
5030677,6935196,3607715,740016
4989271,6873558,3561987,895424
5125747,6947278,3666289,1137284
5028113,7122308,3879015,1056264
4799357,6958500,3971809,911410
4983877,6869554,4059821,883426
5245741,6947136,4226935,1137478
5033941,7120142,4369539,1024906
4880421,6948090,4336561,1172738
4998987,6859132,4586425,1310062
4857031,6897434,4625939,1095160
5070625,7145600,4371879,1092508
5279969,6938078,4223589,1155058
5501835,6858476,4083267,1369420
5528717,6866266,4143281,1536976
5581067,6626436,4390627,1606584
5415107,6429656,4558139,1763866
5495309,6332832,4583119,1900218
5410885,6393006,4660815,1699814
5585861,6633764,4922335,1590028
5796421,6457998,4760837,1419882
6038081,6328696,4578713,1614332
5810139,6443396,4785241,1518236
5586255,6625768,4899073,1625172
5595571,6452010,4951001,1711112
5510355,6330694,5124177,1738034
5544023,6381662,5182259,1577502
5583071,6641130,5434097,1603730
5788651,6464940,5332491,1562498
6026237,6329670,5101663,1356178
6004591,6386146,5182169,1241464
6105881,6638032,5416189,1121390
6366001,6444294,5276639,1070034
6555827,6333204,5107981,828996
6469953,6360286,5150051,1033810
6631733,6102240,4906027,1092598
6667945,5909400,5148679,1064084
6546519,5804686,5092127,851568
6643729,5861316,5220383,618866
6626037,6109206,5417745,591684
6555589,5932820,5589853,740230
6548251,5818862,5652409,913774
6578807,5867966,5738067,1069228
6598855,6083162,5905615,1090966
6364033,5900814,5810579,1142866
6568077,5817772,5638759,1403918
6404993,5872844,5635697,1462842
6599731,6090864,5386695,1612888
6649131,5928756,5186869,1774246
6567139,5824794,5134469,1939656
6644253,5863976,5234817,2150822
6589823,6089234,5392799,2107956
6541291,5941526,5622841,2156082
6564007,5831580,5664737,1966748
6796889,5882926,5685915,2123792
6596191,6075284,5933143,2113068
6436259,5886534,6038757,2293978
6571195,5822528,6178081,2493654
6341557,5873892,6206515,2511860
6080131,6080284,6428607,2615338
5937665,5899076,6690669,2632040
6040271,5825408,6726087,2498848
5989669,5880102,6782033,2355782
6087661,6087938,6968805,2597974
6033191,5914812,6750491,2457066
6050683,5826186,6711883,2484322
6219245,5881536,6739859,2544476
6074167,6083468,6973715,2622616
